-- ============================================================
-- SEED DATA FOR NIHONGO LEARNING JOURNAL
-- User ID: 10b6cd9d-9dbb-4b0d-aba6-ce66bb030f61
-- ============================================================

-- ============================================================
-- DELETE EXISTING DATA (child to parent order)
-- ============================================================
DELETE FROM srs_records WHERE user_id = '10b6cd9d-9dbb-4b0d-aba6-ce66bb030f61';
DELETE FROM tags WHERE user_id = '10b6cd9d-9dbb-4b0d-aba6-ce66bb030f61';
DELETE FROM goals WHERE user_id = '10b6cd9d-9dbb-4b0d-aba6-ce66bb030f61';
DELETE FROM vocabularies WHERE user_id = '10b6cd9d-9dbb-4b0d-aba6-ce66bb030f61';
DELETE FROM kanjis WHERE user_id = '10b6cd9d-9dbb-4b0d-aba6-ce66bb030f61';
DELETE FROM grammars WHERE user_id = '10b6cd9d-9dbb-4b0d-aba6-ce66bb030f61';

-- ============================================================
-- VOCABULARIES (20 data)
-- ============================================================
INSERT INTO vocabularies (id, user_id, word, reading, source, note, status, favourite) VALUES
('b1000001-0000-0000-0000-000000000001', '10b6cd9d-9dbb-4b0d-aba6-ce66bb030f61', '食べる', 'たべる', 'Genki I', 'Verb - to eat', 'NEW', false),
('b1000001-0000-0000-0000-000000000002', '10b6cd9d-9dbb-4b0d-aba6-ce66bb030f61', '飲む', 'のむ', 'Genki I', 'Verb - to drink', 'LEARNING', true),
('b1000001-0000-0000-0000-000000000003', '10b6cd9d-9dbb-4b0d-aba6-ce66bb030f61', '書く', 'かく', 'Genki I', 'Verb - to write', 'NEW', false),
('b1000001-0000-0000-0000-000000000004', '10b6cd9d-9dbb-4b0d-aba6-ce66bb030f61', '読む', 'よむ', 'Genki I', 'Verb - to read', 'LEARNING', false),
('b1000001-0000-0000-0000-000000000005', '10b6cd9d-9dbb-4b0d-aba6-ce66bb030f61', '話す', 'はなす', 'Genki I', 'Verb - to speak', 'NEW', false),
('b1000001-0000-0000-0000-000000000006', '10b6cd9d-9dbb-4b0d-aba6-ce66bb030f61', '聞く', 'きく', 'Genki I', 'Verb - to listen / to ask', 'MASTERED', true),
('b1000001-0000-0000-0000-000000000007', '10b6cd9d-9dbb-4b0d-aba6-ce66bb030f61', '見る', 'みる', 'Genki I', 'Verb - to see / to watch', 'NEW', false),
('b1000001-0000-0000-0000-000000000008', '10b6cd9d-9dbb-4b0d-aba6-ce66bb030f61', '行く', 'いく', 'Genki I', 'Verb - to go', 'LEARNING', false),
('b1000001-0000-0000-0000-000000000009', '10b6cd9d-9dbb-4b0d-aba6-ce66bb030f61', '来る', 'くる', 'Genki I', 'Verb - to come', 'NEW', false),
('b1000001-0000-0000-0000-000000000010', '10b6cd9d-9dbb-4b0d-aba6-ce66bb030f61', '帰る', 'かえる', 'Genki I', 'Verb - to return / to go home', 'NEW', false),
('b1000001-0000-0000-0000-000000000011', '10b6cd9d-9dbb-4b0d-aba6-ce66bb030f61', '買う', 'かう', 'Genki I', 'Verb - to buy', 'LEARNING', false),
('b1000001-0000-0000-0000-000000000012', '10b6cd9d-9dbb-4b0d-aba6-ce66bb030f61', '待つ', 'まつ', 'Genki I', 'Verb - to wait', 'NEW', false),
('b1000001-0000-0000-0000-000000000013', '10b6cd9d-9dbb-4b0d-aba6-ce66bb030f61', '死ぬ', 'しぬ', 'Genki I', 'Verb - to die', 'NEW', false),
('b1000001-0000-0000-0000-000000000014', '10b6cd9d-9dbb-4b0d-aba6-ce66bb030f61', '遊ぶ', 'あそぶ', 'Genki I', 'Verb - to play / to hang out', 'LEARNING', false),
('b1000001-0000-0000-0000-000000000015', '10b6cd9d-9dbb-4b0d-aba6-ce66bb030f61', '泳ぐ', 'およぐ', 'Genki I', 'Verb - to swim', 'NEW', false),
('b1000001-0000-0000-0000-000000000016', '10b6cd9d-9dbb-4b0d-aba6-ce66bb030f61', '読書', 'どくしょ', 'Genki II', 'Noun - reading books', 'NEW', false),
('b1000001-0000-0000-0000-000000000017', '10b6cd9d-9dbb-4b0d-aba6-ce66bb030f61', '学校', 'がっこう', 'Genki I', 'Noun - school', 'MASTERED', true),
('b1000001-0000-0000-0000-000000000018', '10b6cd9d-9dbb-4b0d-aba6-ce66bb030f61', '先生', 'せんせい', 'Genki I', 'Noun - teacher', 'MASTERED', true),
('b1000001-0000-0000-0000-000000000019', '10b6cd9d-9dbb-4b0d-aba6-ce66bb030f61', '友達', 'ともだち', 'Genki I', 'Noun - friend', 'LEARNING', false),
('b1000001-0000-0000-0000-000000000020', '10b6cd9d-9dbb-4b0d-aba6-ce66bb030f61', '天気', 'てんき', 'Genki I', 'Noun - weather', 'NEW', false);

-- ============================================================
-- VOCABULARY MEANINGS (20 data)
-- ============================================================
INSERT INTO vocabulary_meanings (id, vocabulary_id, meaning, order_number) VALUES
('a1000001-0000-0000-0000-000000000001', 'b1000001-0000-0000-0000-000000000001', 'to eat', 1),
('a1000001-0000-0000-0000-000000000002', 'b1000001-0000-0000-0000-000000000002', 'to drink', 1),
('a1000001-0000-0000-0000-000000000003', 'b1000001-0000-0000-0000-000000000003', 'to write', 1),
('a1000001-0000-0000-0000-000000000004', 'b1000001-0000-0000-0000-000000000004', 'to read', 1),
('a1000001-0000-0000-0000-000000000005', 'b1000001-0000-0000-0000-000000000005', 'to speak / to talk', 1),
('a1000001-0000-0000-0000-000000000006', 'b1000001-0000-0000-0000-000000000006', 'to listen / to ask / to hear', 1),
('a1000001-0000-0000-0000-000000000007', 'b1000001-0000-0000-0000-000000000007', 'to see / to watch / to look', 1),
('a1000001-0000-0000-0000-000000000008', 'b1000001-0000-0000-0000-000000000008', 'to go', 1),
('a1000001-0000-0000-0000-000000000009', 'b1000001-0000-0000-0000-000000000009', 'to come', 1),
('a1000001-0000-0000-0000-000000000010', 'b1000001-0000-0000-0000-000000000010', 'to return / to go home', 1),
('a1000001-0000-0000-0000-000000000011', 'b1000001-0000-0000-0000-000000000011', 'to buy', 1),
('a1000001-0000-0000-0000-000000000012', 'b1000001-0000-0000-0000-000000000012', 'to wait', 1),
('a1000001-0000-0000-0000-000000000013', 'b1000001-0000-0000-0000-000000000013', 'to die', 1),
('a1000001-0000-0000-0000-000000000014', 'b1000001-0000-0000-0000-000000000014', 'to play / to hang out', 1),
('a1000001-0000-0000-0000-000000000015', 'b1000001-0000-0000-0000-000000000015', 'to swim', 1),
('a1000001-0000-0000-0000-000000000016', 'b1000001-0000-0000-0000-000000000016', 'reading books', 1),
('a1000001-0000-0000-0000-000000000017', 'b1000001-0000-0000-0000-000000000017', 'school', 1),
('a1000001-0000-0000-0000-000000000018', 'b1000001-0000-0000-0000-000000000018', 'teacher', 1),
('a1000001-0000-0000-0000-000000000019', 'b1000001-0000-0000-0000-000000000019', 'friend', 1),
('a1000001-0000-0000-0000-000000000020', 'b1000001-0000-0000-0000-000000000020', 'weather', 1);

-- ============================================================
-- KANJIS (20 data)
-- ============================================================
INSERT INTO kanjis (id, user_id, character, meaning, onyomi, kunyomi, jlpt_level, favourite) VALUES
('c1000001-0000-0000-0000-000000000001', '10b6cd9d-9dbb-4b0d-aba6-ce66bb030f61', '食', 'eat', 'ショク', 'た.べる', 'N5', false),
('c1000001-0000-0000-0000-000000000002', '10b6cd9d-9dbb-4b0d-aba6-ce66bb030f61', '飲', 'drink', 'イン', 'の.む', 'N5', false),
('c1000001-0000-0000-0000-000000000003', '10b6cd9d-9dbb-4b0d-aba6-ce66bb030f61', '書', 'write', 'ショ', 'か.く', 'N5', false),
('c1000001-0000-0000-0000-000000000004', '10b6cd9d-9dbb-4b0d-aba6-ce66bb030f61', '読', 'read', 'ドク', 'よ.む', 'N5', true),
('c1000001-0000-0000-0000-000000000005', '10b6cd9d-9dbb-4b0d-aba6-ce66bb030f61', '話', 'speak/talk', 'ワ', 'はな.す', 'N5', false),
('c1000001-0000-0000-0000-000000000006', '10b6cd9d-9dbb-4b0d-aba6-ce66bb030f61', '聞', 'listen/ask', 'ブン', 'き.く', 'N5', true),
('c1000001-0000-0000-0000-000000000007', '10b6cd9d-9dbb-4b0d-aba6-ce66bb030f61', '見', 'see/watch', 'ケン', 'み.る', 'N5', false),
('c1000001-0000-0000-0000-000000000008', '10b6cd9d-9dbb-4b0d-aba6-ce66bb030f61', '行', 'go', 'コウ', 'い.く', 'N5', false),
('c1000001-0000-0000-0000-000000000009', '10b6cd9d-9dbb-4b0d-aba6-ce66bb030f61', '来', 'come', 'ライ', 'く.る', 'N5', false),
('c1000001-0000-0000-0000-000000000010', '10b6cd9d-9dbb-4b0d-aba6-ce66bb030f61', '帰', 'return/go home', 'キ', 'かえ.る', 'N5', false),
('c1000001-0000-0000-0000-000000000011', '10b6cd9d-9dbb-4b0d-aba6-ce66bb030f61', '買', 'buy', 'バイ', 'か.う', 'N5', false),
('c1000001-0000-0000-0000-000000000012', '10b6cd9d-9dbb-4b0d-aba6-ce66bb030f61', '待', 'wait', 'タイ', 'ま.つ', 'N5', false),
('c1000001-0000-0000-0000-000000000013', '10b6cd9d-9dbb-4b0d-aba6-ce66bb030f61', '死', 'die', 'シ', 'し.ぬ', 'N5', false),
('c1000001-0000-0000-0000-000000000014', '10b6cd9d-9dbb-4b0d-aba6-ce66bb030f61', '泳', 'swim', 'エイ', 'およ.ぐ', 'N5', false),
('c1000001-0000-0000-0000-000000000015', '10b6cd9d-9dbb-4b0d-aba6-ce66bb030f61', '学', 'study/learn', 'ガク', 'まな.ぶ', 'N4', true),
('c1000001-0000-0000-0000-000000000016', '10b6cd9d-9dbb-4b0d-aba6-ce66bb030f61', '校', 'school', 'コウ', '-', 'N5', false),
('c1000001-0000-0000-0000-000000000017', '10b6cd9d-9dbb-4b0d-aba6-ce66bb030f61', '先', 'previous/ahead', 'セン', 'さき', 'N5', false),
('c1000001-0000-0000-0000-000000000018', '10b6cd9d-9dbb-4b0d-aba6-ce66bb030f61', '友', 'friend', 'ユウ', 'とも', 'N5', true),
('c1000001-0000-0000-0000-000000000019', '10b6cd9d-9dbb-4b0d-aba6-ce66bb030f61', '天', 'heaven/sky', 'テン', 'あめ/あま', 'N5', false),
('c1000001-0000-0000-0000-000000000020', '10b6cd9d-9dbb-4b0d-aba6-ce66bb030f61', '気', 'spirit/feather', 'キ/ケ', '-', 'N5', true);

-- ============================================================
-- GRAMMARS (20 data)
-- ============================================================
INSERT INTO grammars (id, user_id, pattern, meaning, example, note, favourite) VALUES
('d1000001-0000-0000-0000-000000000001', '10b6cd9d-9dbb-4b0d-aba6-ce66bb030f61', '~ます', 'polite form', '食べます / 飲みます', 'Add to verb stem for polite form', false),
('d1000001-0000-0000-0000-000000000002', '10b6cd9d-9dbb-4b0d-aba6-ce66bb030f61', '~ません', 'polite negative', '食べません / 飲みません', 'Polite negative form', false),
('d1000001-0000-0000-0000-000000000003', '10b6cd9d-9dbb-4b0d-aba6-ce66bb030f61', '~ました', 'polite past', '食べました / 飲みました', 'Polite past tense', false),
('d1000001-0000-0000-0000-000000000004', '10b6cd9d-9dbb-4b0d-aba6-ce66bb030f61', '~ませんでした', 'polite past negative', '食べませんでした', 'Polite past negative', false),
('d1000001-0000-0000-0000-000000000005', '10b6cd9d-9dbb-4b0d-aba6-ce66bb030f61', '~てください', 'please do', '食べてください / 読んでください', 'Request form - please do something', true),
('d1000001-0000-0000-0000-000000000006', '10b6cd9d-9dbb-4b0d-aba6-ce66bb030f61', '~ないでください', 'please dont do', '食べないでください', 'Polite request not to do', false),
('d1000001-0000-0000-0000-000000000007', '10b6cd9d-9dbb-4b0d-aba6-ce66bb030f61', '~てもいいです', 'its okay to', '食べてもいいです', 'Permission - it is okay to...', true),
('d1000001-0000-0000-0000-000000000008', '10b6cd9d-9dbb-4b0d-aba6-ce66bb030f61', '~てはいけません', 'must not', '食べてはいけません', 'Prohibition - must not do', false),
('d1000001-0000-0000-0000-000000000009', '10b6cd9d-9dbb-4b0d-aba6-ce66bb030f61', '~なければなりません', 'must do', '食べなければならない', 'Obligation - must do something', true),
('d1000001-0000-0000-0000-000000000010', '10b6cd9d-9dbb-4b0d-aba6-ce66bb030f61', '~つもりです', 'intend to', '食べるつもりです', 'Express intention', false),
('d1000001-0000-0000-0000-000000000011', '10b6cd9d-9dbb-4b0d-aba6-ce66bb030f61', '~ようと思います', 'I think I will', '食べようと思います', 'Express intention (softer)', false),
('d1000001-0000-0000-0000-000000000012', '10b6cd9d-9dbb-4b0d-aba6-ce66bb030f61', '~ましょう', 'lets do', '食べましょう / 行きましょう', 'Let us do something', true),
('d1000001-0000-0000-0000-000000000013', '10b6cd9d-9dbb-4b0d-aba6-ce66bb030f61', '~ませんか', 'wont you', '食べませんか', 'Invitation - wont you do...', false),
('d1000001-0000-0000-0000-000000000014', '10b6cd9d-9dbb-4b0d-aba6-ce66bb030f61', 'から', 'because', '暑いから、窓を开着ます', 'Reason - because', true),
('d1000001-0000-0000-0000-000000000015', '10b6cd9d-9dbb-4b0d-aba6-ce66bb030f61', 'ので', 'because (formal)', '雨なので、行きません', 'Formal reason - because', false),
('d1000001-0000-0000-0000-000000000016', '10b6cd9d-9dbb-4b0d-aba6-ce66bb030f61', '~けど', 'but/however', '食べだけど、高い', 'Contrast - but', false),
('d1000001-0000-0000-0000-000000000017', '10b6cd9d-9dbb-4b0d-aba6-ce66bb030f61', '~が', 'but (formal)', '食べますが、高いです', 'Formal contrast - but', false),
('d1000001-0000-0000-0000-000000000018', '10b6cd9d-9dbb-4b0d-aba6-ce66bb030f61', '~たら', 'if/when', '食べたら、教えてください', 'Conditional - if/when', true),
('d1000001-0000-0000-0000-000000000019', '10b6cd9d-9dbb-4b0d-aba6-ce66bb030f61', '~ば', 'if', '食べば、元気になります', 'Conditional - if', false),
('d1000001-0000-0000-0000-000000000020', '10b6cd9d-9dbb-4b0d-aba6-ce66bb030f61', 'たら', 'if/when (casual)', '食べたら、连络してください', 'Casual conditional', false);

-- ============================================================
-- TAGS (5 data)
-- ============================================================
INSERT INTO tags (id, user_id, name, color) VALUES
('e1000001-0000-0000-0000-000000000001', '10b6cd9d-9dbb-4b0d-aba6-ce66bb030f61', 'JLPT N5', '#FF6B6B'),
('e1000001-0000-0000-0000-000000000002', '10b6cd9d-9dbb-4b0d-aba6-ce66bb030f61', 'JLPT N4', '#4ECDC4'),
('e1000001-0000-0000-0000-000000000003', '10b6cd9d-9dbb-4b0d-aba6-ce66bb030f61', 'Kanji', '#45B7D1'),
('e1000001-0000-0000-0000-000000000004', '10b6cd9d-9dbb-4b0d-aba6-ce66bb030f61', 'Grammar', '#96CEB4'),
('e1000001-0000-0000-0000-000000000005', '10b6cd9d-9dbb-4b0d-aba6-ce66bb030f61', 'Daily Use', '#FFEAA7');

-- ============================================================
-- GOALS (5 data)
-- ============================================================
INSERT INTO goals (id, user_id, title, description, goal_type, target_level, target_count, target_date, status, created_at, updated_at) VALUES
('f1000001-0000-0000-0000-000000000001', '10b6cd9d-9dbb-4b0d-aba6-ce66bb030f61', 'Learn 10 new vocabulary daily', 'Study and memorize 10 new vocabulary words every day', 'VOCAB', 'N5', 10, '2026-07-31', 'IN_PROGRESS', NOW(), NOW()),
('f1000001-0000-0000-0000-000000000002', '10b6cd9d-9dbb-4b0d-aba6-ce66bb030f61', 'Master 50 Kanji this month', 'Learn and practice 50 new kanji characters', 'KANJI', 'N5', 50, '2026-07-31', 'IN_PROGRESS', NOW(), NOW()),
('f1000001-0000-0000-0000-000000000003', '10b6cd9d-9dbb-4b0d-aba6-ce66bb030f61', 'Complete Genki I Chapter 1-6', 'Finish first 6 chapters of Genki I textbook', 'GRAMMAR', 'N5', 6, '2026-08-15', 'IN_PROGRESS', NOW(), NOW()),
('f1000001-0000-0000-0000-000000000004', '10b6cd9d-9dbb-4b0d-aba6-ce66bb030f61', 'Daily reading practice', 'Read at least 1 page of Japanese text daily', 'READING', 'N4', 30, '2026-07-31', 'IN_PROGRESS', NOW(), NOW()),
('f1000001-0000-0000-0000-000000000005', '10b6cd9d-9dbb-4b0d-aba6-ce66bb030f61', 'Pass JLPT N5 by December', 'Prepare and register for JLPT N5 exam', 'EXAM', 'N5', 1, '2026-12-07', 'IN_PROGRESS', NOW(), NOW());

-- ============================================================
-- TAGGABLES (10 data) - Hubungkan vocab/kanji ke tags
-- ============================================================
INSERT INTO taggables (tag_id, item_type, item_id) VALUES
('e1000001-0000-0000-0000-000000000001', 'VOCABULARY', 'b1000001-0000-0000-0000-000000000001'),
('e1000001-0000-0000-0000-000000000001', 'VOCABULARY', 'b1000001-0000-0000-0000-000000000002'),
('e1000001-0000-0000-0000-000000000001', 'VOCABULARY', 'b1000001-0000-0000-0000-000000000003'),
('e1000001-0000-0000-0000-000000000005', 'VOCABULARY', 'b1000001-0000-0000-0000-000000000017'),
('e1000001-0000-0000-0000-000000000005', 'VOCABULARY', 'b1000001-0000-0000-0000-000000000018'),
('e1000001-0000-0000-0000-000000000001', 'KANJI', 'c1000001-0000-0000-0000-000000000001'),
('e1000001-0000-0000-0000-000000000001', 'KANJI', 'c1000001-0000-0000-0000-000000000002'),
('e1000001-0000-0000-0000-000000000003', 'KANJI', 'c1000001-0000-0000-0000-000000000004'),
('e1000001-0000-0000-0000-000000000003', 'KANJI', 'c1000001-0000-0000-0000-000000000006'),
('e1000001-0000-0000-0000-000000000004', 'GRAMMAR', 'd1000001-0000-0000-0000-000000000005'),
('e1000001-0000-0000-0000-000000000004', 'GRAMMAR', 'd1000001-0000-0000-0000-000000000009');

-- ============================================================
-- SRS RECORDS (60 data) - Agar seed data langsung bisa di-review
-- next_review_at di-set ke NOW() supaya langsung due
-- ============================================================
INSERT INTO srs_records (id, user_id, item_type, item_id, ease_factor, interval_days, review_count, next_review_at, created_at, updated_at) VALUES
-- Vocabulary SRS records (20)
('a7000001-0000-0000-0000-000000000001', '10b6cd9d-9dbb-4b0d-aba6-ce66bb030f61', 'VOCABULARY', 'b1000001-0000-0000-0000-000000000001', 2.5, 0, 0, NOW(), NOW(), NOW()),
('a7000001-0000-0000-0000-000000000002', '10b6cd9d-9dbb-4b0d-aba6-ce66bb030f61', 'VOCABULARY', 'b1000001-0000-0000-0000-000000000002', 2.5, 0, 0, NOW(), NOW(), NOW()),
('a7000001-0000-0000-0000-000000000003', '10b6cd9d-9dbb-4b0d-aba6-ce66bb030f61', 'VOCABULARY', 'b1000001-0000-0000-0000-000000000003', 2.5, 0, 0, NOW(), NOW(), NOW()),
('a7000001-0000-0000-0000-000000000004', '10b6cd9d-9dbb-4b0d-aba6-ce66bb030f61', 'VOCABULARY', 'b1000001-0000-0000-0000-000000000004', 2.5, 0, 0, NOW(), NOW(), NOW()),
('a7000001-0000-0000-0000-000000000005', '10b6cd9d-9dbb-4b0d-aba6-ce66bb030f61', 'VOCABULARY', 'b1000001-0000-0000-0000-000000000005', 2.5, 0, 0, NOW(), NOW(), NOW()),
('a7000001-0000-0000-0000-000000000006', '10b6cd9d-9dbb-4b0d-aba6-ce66bb030f61', 'VOCABULARY', 'b1000001-0000-0000-0000-000000000006', 2.5, 0, 0, NOW(), NOW(), NOW()),
('a7000001-0000-0000-0000-000000000007', '10b6cd9d-9dbb-4b0d-aba6-ce66bb030f61', 'VOCABULARY', 'b1000001-0000-0000-0000-000000000007', 2.5, 0, 0, NOW(), NOW(), NOW()),
('a7000001-0000-0000-0000-000000000008', '10b6cd9d-9dbb-4b0d-aba6-ce66bb030f61', 'VOCABULARY', 'b1000001-0000-0000-0000-000000000008', 2.5, 0, 0, NOW(), NOW(), NOW()),
('a7000001-0000-0000-0000-000000000009', '10b6cd9d-9dbb-4b0d-aba6-ce66bb030f61', 'VOCABULARY', 'b1000001-0000-0000-0000-000000000009', 2.5, 0, 0, NOW(), NOW(), NOW()),
('a7000001-0000-0000-0000-000000000010', '10b6cd9d-9dbb-4b0d-aba6-ce66bb030f61', 'VOCABULARY', 'b1000001-0000-0000-0000-000000000010', 2.5, 0, 0, NOW(), NOW(), NOW()),
('a7000001-0000-0000-0000-000000000011', '10b6cd9d-9dbb-4b0d-aba6-ce66bb030f61', 'VOCABULARY', 'b1000001-0000-0000-0000-000000000011', 2.5, 0, 0, NOW(), NOW(), NOW()),
('a7000001-0000-0000-0000-000000000012', '10b6cd9d-9dbb-4b0d-aba6-ce66bb030f61', 'VOCABULARY', 'b1000001-0000-0000-0000-000000000012', 2.5, 0, 0, NOW(), NOW(), NOW()),
('a7000001-0000-0000-0000-000000000013', '10b6cd9d-9dbb-4b0d-aba6-ce66bb030f61', 'VOCABULARY', 'b1000001-0000-0000-0000-000000000013', 2.5, 0, 0, NOW(), NOW(), NOW()),
('a7000001-0000-0000-0000-000000000014', '10b6cd9d-9dbb-4b0d-aba6-ce66bb030f61', 'VOCABULARY', 'b1000001-0000-0000-0000-000000000014', 2.5, 0, 0, NOW(), NOW(), NOW()),
('a7000001-0000-0000-0000-000000000015', '10b6cd9d-9dbb-4b0d-aba6-ce66bb030f61', 'VOCABULARY', 'b1000001-0000-0000-0000-000000000015', 2.5, 0, 0, NOW(), NOW(), NOW()),
('a7000001-0000-0000-0000-000000000016', '10b6cd9d-9dbb-4b0d-aba6-ce66bb030f61', 'VOCABULARY', 'b1000001-0000-0000-0000-000000000016', 2.5, 0, 0, NOW(), NOW(), NOW()),
('a7000001-0000-0000-0000-000000000017', '10b6cd9d-9dbb-4b0d-aba6-ce66bb030f61', 'VOCABULARY', 'b1000001-0000-0000-0000-000000000017', 2.5, 0, 0, NOW(), NOW(), NOW()),
('a7000001-0000-0000-0000-000000000018', '10b6cd9d-9dbb-4b0d-aba6-ce66bb030f61', 'VOCABULARY', 'b1000001-0000-0000-0000-000000000018', 2.5, 0, 0, NOW(), NOW(), NOW()),
('a7000001-0000-0000-0000-000000000019', '10b6cd9d-9dbb-4b0d-aba6-ce66bb030f61', 'VOCABULARY', 'b1000001-0000-0000-0000-000000000019', 2.5, 0, 0, NOW(), NOW(), NOW()),
('a7000001-0000-0000-0000-000000000020', '10b6cd9d-9dbb-4b0d-aba6-ce66bb030f61', 'VOCABULARY', 'b1000001-0000-0000-0000-000000000020', 2.5, 0, 0, NOW(), NOW(), NOW()),
-- Kanji SRS records (20)
('a7000002-0000-0000-0000-000000000001', '10b6cd9d-9dbb-4b0d-aba6-ce66bb030f61', 'KANJI', 'c1000001-0000-0000-0000-000000000001', 2.5, 0, 0, NOW(), NOW(), NOW()),
('a7000002-0000-0000-0000-000000000002', '10b6cd9d-9dbb-4b0d-aba6-ce66bb030f61', 'KANJI', 'c1000001-0000-0000-0000-000000000002', 2.5, 0, 0, NOW(), NOW(), NOW()),
('a7000002-0000-0000-0000-000000000003', '10b6cd9d-9dbb-4b0d-aba6-ce66bb030f61', 'KANJI', 'c1000001-0000-0000-0000-000000000003', 2.5, 0, 0, NOW(), NOW(), NOW()),
('a7000002-0000-0000-0000-000000000004', '10b6cd9d-9dbb-4b0d-aba6-ce66bb030f61', 'KANJI', 'c1000001-0000-0000-0000-000000000004', 2.5, 0, 0, NOW(), NOW(), NOW()),
('a7000002-0000-0000-0000-000000000005', '10b6cd9d-9dbb-4b0d-aba6-ce66bb030f61', 'KANJI', 'c1000001-0000-0000-0000-000000000005', 2.5, 0, 0, NOW(), NOW(), NOW()),
('a7000002-0000-0000-0000-000000000006', '10b6cd9d-9dbb-4b0d-aba6-ce66bb030f61', 'KANJI', 'c1000001-0000-0000-0000-000000000006', 2.5, 0, 0, NOW(), NOW(), NOW()),
('a7000002-0000-0000-0000-000000000007', '10b6cd9d-9dbb-4b0d-aba6-ce66bb030f61', 'KANJI', 'c1000001-0000-0000-0000-000000000007', 2.5, 0, 0, NOW(), NOW(), NOW()),
('a7000002-0000-0000-0000-000000000008', '10b6cd9d-9dbb-4b0d-aba6-ce66bb030f61', 'KANJI', 'c1000001-0000-0000-0000-000000000008', 2.5, 0, 0, NOW(), NOW(), NOW()),
('a7000002-0000-0000-0000-000000000009', '10b6cd9d-9dbb-4b0d-aba6-ce66bb030f61', 'KANJI', 'c1000001-0000-0000-0000-000000000009', 2.5, 0, 0, NOW(), NOW(), NOW()),
('a7000002-0000-0000-0000-000000000010', '10b6cd9d-9dbb-4b0d-aba6-ce66bb030f61', 'KANJI', 'c1000001-0000-0000-0000-000000000010', 2.5, 0, 0, NOW(), NOW(), NOW()),
('a7000002-0000-0000-0000-000000000011', '10b6cd9d-9dbb-4b0d-aba6-ce66bb030f61', 'KANJI', 'c1000001-0000-0000-0000-000000000011', 2.5, 0, 0, NOW(), NOW(), NOW()),
('a7000002-0000-0000-0000-000000000012', '10b6cd9d-9dbb-4b0d-aba6-ce66bb030f61', 'KANJI', 'c1000001-0000-0000-0000-000000000012', 2.5, 0, 0, NOW(), NOW(), NOW()),
('a7000002-0000-0000-0000-000000000013', '10b6cd9d-9dbb-4b0d-aba6-ce66bb030f61', 'KANJI', 'c1000001-0000-0000-0000-000000000013', 2.5, 0, 0, NOW(), NOW(), NOW()),
('a7000002-0000-0000-0000-000000000014', '10b6cd9d-9dbb-4b0d-aba6-ce66bb030f61', 'KANJI', 'c1000001-0000-0000-0000-000000000014', 2.5, 0, 0, NOW(), NOW(), NOW()),
('a7000002-0000-0000-0000-000000000015', '10b6cd9d-9dbb-4b0d-aba6-ce66bb030f61', 'KANJI', 'c1000001-0000-0000-0000-000000000015', 2.5, 0, 0, NOW(), NOW(), NOW()),
('a7000002-0000-0000-0000-000000000016', '10b6cd9d-9dbb-4b0d-aba6-ce66bb030f61', 'KANJI', 'c1000001-0000-0000-0000-000000000016', 2.5, 0, 0, NOW(), NOW(), NOW()),
('a7000002-0000-0000-0000-000000000017', '10b6cd9d-9dbb-4b0d-aba6-ce66bb030f61', 'KANJI', 'c1000001-0000-0000-0000-000000000017', 2.5, 0, 0, NOW(), NOW(), NOW()),
('a7000002-0000-0000-0000-000000000018', '10b6cd9d-9dbb-4b0d-aba6-ce66bb030f61', 'KANJI', 'c1000001-0000-0000-0000-000000000018', 2.5, 0, 0, NOW(), NOW(), NOW()),
('a7000002-0000-0000-0000-000000000019', '10b6cd9d-9dbb-4b0d-aba6-ce66bb030f61', 'KANJI', 'c1000001-0000-0000-0000-000000000019', 2.5, 0, 0, NOW(), NOW(), NOW()),
('a7000002-0000-0000-0000-000000000020', '10b6cd9d-9dbb-4b0d-aba6-ce66bb030f61', 'KANJI', 'c1000001-0000-0000-0000-000000000020', 2.5, 0, 0, NOW(), NOW(), NOW()),
-- Grammar SRS records (20)
('a7000003-0000-0000-0000-000000000001', '10b6cd9d-9dbb-4b0d-aba6-ce66bb030f61', 'GRAMMAR', 'd1000001-0000-0000-0000-000000000001', 2.5, 0, 0, NOW(), NOW(), NOW()),
('a7000003-0000-0000-0000-000000000002', '10b6cd9d-9dbb-4b0d-aba6-ce66bb030f61', 'GRAMMAR', 'd1000001-0000-0000-0000-000000000002', 2.5, 0, 0, NOW(), NOW(), NOW()),
('a7000003-0000-0000-0000-000000000003', '10b6cd9d-9dbb-4b0d-aba6-ce66bb030f61', 'GRAMMAR', 'd1000001-0000-0000-0000-000000000003', 2.5, 0, 0, NOW(), NOW(), NOW()),
('a7000003-0000-0000-0000-000000000004', '10b6cd9d-9dbb-4b0d-aba6-ce66bb030f61', 'GRAMMAR', 'd1000001-0000-0000-0000-000000000004', 2.5, 0, 0, NOW(), NOW(), NOW()),
('a7000003-0000-0000-0000-000000000005', '10b6cd9d-9dbb-4b0d-aba6-ce66bb030f61', 'GRAMMAR', 'd1000001-0000-0000-0000-000000000005', 2.5, 0, 0, NOW(), NOW(), NOW()),
('a7000003-0000-0000-0000-000000000006', '10b6cd9d-9dbb-4b0d-aba6-ce66bb030f61', 'GRAMMAR', 'd1000001-0000-0000-0000-000000000006', 2.5, 0, 0, NOW(), NOW(), NOW()),
('a7000003-0000-0000-0000-000000000007', '10b6cd9d-9dbb-4b0d-aba6-ce66bb030f61', 'GRAMMAR', 'd1000001-0000-0000-0000-000000000007', 2.5, 0, 0, NOW(), NOW(), NOW()),
('a7000003-0000-0000-0000-000000000008', '10b6cd9d-9dbb-4b0d-aba6-ce66bb030f61', 'GRAMMAR', 'd1000001-0000-0000-0000-000000000008', 2.5, 0, 0, NOW(), NOW(), NOW()),
('a7000003-0000-0000-0000-000000000009', '10b6cd9d-9dbb-4b0d-aba6-ce66bb030f61', 'GRAMMAR', 'd1000001-0000-0000-0000-000000000009', 2.5, 0, 0, NOW(), NOW(), NOW()),
('a7000003-0000-0000-0000-000000000010', '10b6cd9d-9dbb-4b0d-aba6-ce66bb030f61', 'GRAMMAR', 'd1000001-0000-0000-0000-000000000010', 2.5, 0, 0, NOW(), NOW(), NOW()),
('a7000003-0000-0000-0000-000000000011', '10b6cd9d-9dbb-4b0d-aba6-ce66bb030f61', 'GRAMMAR', 'd1000001-0000-0000-0000-000000000011', 2.5, 0, 0, NOW(), NOW(), NOW()),
('a7000003-0000-0000-0000-000000000012', '10b6cd9d-9dbb-4b0d-aba6-ce66bb030f61', 'GRAMMAR', 'd1000001-0000-0000-0000-000000000012', 2.5, 0, 0, NOW(), NOW(), NOW()),
('a7000003-0000-0000-0000-000000000013', '10b6cd9d-9dbb-4b0d-aba6-ce66bb030f61', 'GRAMMAR', 'd1000001-0000-0000-0000-000000000013', 2.5, 0, 0, NOW(), NOW(), NOW()),
('a7000003-0000-0000-0000-000000000014', '10b6cd9d-9dbb-4b0d-aba6-ce66bb030f61', 'GRAMMAR', 'd1000001-0000-0000-0000-000000000014', 2.5, 0, 0, NOW(), NOW(), NOW()),
('a7000003-0000-0000-0000-000000000015', '10b6cd9d-9dbb-4b0d-aba6-ce66bb030f61', 'GRAMMAR', 'd1000001-0000-0000-0000-000000000015', 2.5, 0, 0, NOW(), NOW(), NOW()),
('a7000003-0000-0000-0000-000000000016', '10b6cd9d-9dbb-4b0d-aba6-ce66bb030f61', 'GRAMMAR', 'd1000001-0000-0000-0000-000000000016', 2.5, 0, 0, NOW(), NOW(), NOW()),
('a7000003-0000-0000-0000-000000000017', '10b6cd9d-9dbb-4b0d-aba6-ce66bb030f61', 'GRAMMAR', 'd1000001-0000-0000-0000-000000000017', 2.5, 0, 0, NOW(), NOW(), NOW()),
('a7000003-0000-0000-0000-000000000018', '10b6cd9d-9dbb-4b0d-aba6-ce66bb030f61', 'GRAMMAR', 'd1000001-0000-0000-0000-000000000018', 2.5, 0, 0, NOW(), NOW(), NOW()),
('a7000003-0000-0000-0000-000000000019', '10b6cd9d-9dbb-4b0d-aba6-ce66bb030f61', 'GRAMMAR', 'd1000001-0000-0000-0000-000000000019', 2.5, 0, 0, NOW(), NOW(), NOW()),
('a7000003-0000-0000-0000-000000000020', '10b6cd9d-9dbb-4b0d-aba6-ce66bb030f61', 'GRAMMAR', 'd1000001-0000-0000-0000-000000000020', 2.5, 0, 0, NOW(), NOW(), NOW());
